商品编码,商品名称,SKUID,SKU属性,京东价,京东分类,品牌,链接,商品货号,商家SKU,库存,商品状态
10054143527,【欧宝_手剥巴旦木480g袋】零食坚果炒货干果特产奶香味壳薄易剥,10280401763, ,40,食品饮料 > 地方特产 > 其他特产,欧宝（oubao）,http://item.jd.com/10280401763.html,"	","	",10000,自主下架
10054158002,欧宝 坚果炒货 休闲零食特产 开心果480g/袋 奶油味无漂白,10280508837, ,56,食品饮料 > 地方特产 > 其他特产,欧宝（oubao）,http://item.jd.com/10280508837.html,"	","	",9998,自主下架
10054161634,【欧宝_开心果480g】地方特产 原味开心果 无漂白 东兴特产,10280562531, ,56,食品饮料 > 地方特产 > 其他特产,欧宝（oubao）,http://item.jd.com/10280562531.html,"	","	",9999,上架
10076777011,【东兴馆】红心火龙果2.5kg 新鲜火龙果5斤装 红肉火龙果 新鲜水果,10360259251, ,79,食品饮料 > 地方特产 > 其他特产,水果蔬菜,http://item.jd.com/10360259251.html,"	","	",9998,自主下架
10083922329,【鑫宇】益朵金花茶亚克力礼盒装,10386446458, ,1899,食品饮料 > 地方特产 > 其他特产,益朵,http://item.jd.com/10386446458.html,"	","	",10000,上架
10083922257,【鑫宇】益朵金花茶尊贵红木礼盒装15g,10386461154, ,2899,食品饮料 > 地方特产 > 其他特产,益朵,http://item.jd.com/10386461154.html,"	","	10386495063",10000,上架
10083922199,【鑫宇】益朵金花茶一花一叶礼盒套装,10386495063, ,648,食品饮料 > 地方特产 > 其他特产,益朵,http://item.jd.com/10386495063.html,"	","	",9997,上架
10083930150,【鑫宇】益朵金花茶圆装玻璃瓶礼盒装,10386512731, ,1200,食品饮料 > 地方特产 > 其他特产,益朵,http://item.jd.com/10386512731.html,"	","	",9999,上架
10083931973,【鑫宇】益朵金花茶叶子套装礼盒装,10386538647, ,249,食品饮料 > 地方特产 > 其他特产,益朵,http://item.jd.com/10386538647.html,"	","	",9995,上架
10091751860,东兴馆 翡翠红心青柚 2个装 约2kg  蜜甜可口 新鲜发货,10419959289, ,89,生鲜 > 水果 > 柚子,水果蔬菜,http://item.jd.com/10419959289.html,"	","	",997,自主下架
10098346281,东兴馆 广西红心火龙果6个装 国产红肉火龙果 新鲜水果,10454099244, ,50,生鲜 > 水果 > 火龙果,水果蔬菜,http://item.jd.com/10454099244.html,"	","	",9957,自主下架
10108537796,东兴馆 广西红心火龙果2个装 国产红肉火龙果 新鲜水果,10509549255, ,19,生鲜 > 水果 > 火龙果,水果蔬菜,http://item.jd.com/10509549255.html,"	","	",9466,自主下架
10130969754,东兴馆 红木纸巾盒 龙凤素面抽纸盒120 抽 复古实木收纳盒 个性定制餐巾盒,10665420882,龙凤素面磁铁盖扣,56,礼品箱包 > 礼品 > 工艺礼品,东起,http://item.jd.com/10665420882.html,"	","	",990,上架
10131142144,东兴馆 红木纸巾盒 龙凤木雕镂空抽纸盒150 抽 家用复古实木收纳盒  个性定制餐巾盒,10665432564,花梨木纸巾盒龙凤镂空木雕磁铁盖扣,59,礼品箱包 > 礼品 > 工艺礼品,东起,http://item.jd.com/10665432564.html,"	","	",979,上架
10130969754,东兴馆 红木纸巾盒 龙凤素面抽纸盒120 抽 复古实木收纳盒 个性定制餐巾盒,10665435969,龙凤镂空木雕磁铁盖扣,56,礼品箱包 > 礼品 > 工艺礼品,东起,http://item.jd.com/10665435969.html,"	","	",975,上架
10130969754,东兴馆 红木纸巾盒 龙凤素面抽纸盒120 抽 复古实木收纳盒 个性定制餐巾盒,10665504682,贝花木雕镂空梅花锁扣,55,礼品箱包 > 礼品 > 工艺礼品,东起,http://item.jd.com/10665504682.html,"	","	",999,上架
10131153866,东兴馆 红木纸巾盒 贝壳花纹木雕镂空抽纸盒120 抽 家用复古实木收纳盒  个性定制餐巾盒,10665509329, ,55,礼品箱包 > 礼品 > 工艺礼品,东起,http://item.jd.com/10665509329.html,"	","	",983,上架
10132223871,东兴馆 狮头香插香座  线香塔香纯铜熏香炉 多功能点香器 棕色香托,10674522146, ,15,礼品箱包 > 礼品 > 熏香,东起,http://item.jd.com/10674522146.html,"	","	",991,上架
10131673532,东兴馆 葫芦香插香座  线香盘香铜香炉 多功能点香器 金黄色香托,10674622313,葫芦香插金黄色,10,礼品箱包 > 礼品 > 熏香,东起,http://item.jd.com/10674622313.html,"	","	10670055649",784,上架
10131673532,东兴馆 葫芦香插香座  线香盘香铜香炉 多功能点香器 金黄色香托,10674622314,小狮头香插金黄色,10,礼品箱包 > 礼品 > 熏香,东起,http://item.jd.com/10674622314.html,"	","	10674549355",999,上架
10131673532,东兴馆 葫芦香插香座  线香盘香铜香炉 多功能点香器 金黄色香托,10674622315,小狮头香插棕色,10,礼品箱包 > 礼品 > 熏香,东起,http://item.jd.com/10674622315.html,"	","	10674522146",999,上架
10132085025,东兴馆 狮头香插香座  线香塔香铜香炉 多功能点香器 金黄色香托,10674703143,小狮头香插金黄色,10,礼品箱包 > 礼品 > 熏香,东起,http://item.jd.com/10674703143.html,"	","	",0,上架
10132085025,东兴馆 狮头香插香座  线香塔香铜香炉 多功能点香器 金黄色香托,10674703144,小狮头香插棕色,10,礼品箱包 > 礼品 > 熏香,东起,http://item.jd.com/10674703144.html,"	","	",1000,上架
10132695638,东兴馆 莲花荷叶香炉香座 陶瓷香炉 沉香线香盘香香插香器 含底座,10678871823, ,49,礼品箱包 > 礼品 > 熏香,东起,http://item.jd.com/10678871823.html,"	","	",999,上架
10132752645,东兴馆 沉香线香 熏香线香  红木礼盒10克装 香薰礼盒卧室香薰 21cm沉香线香,10679382251,红木礼盒+10g沉香线香21cm,119,礼品箱包 > 礼品 > 熏香,东起,http://item.jd.com/10679382251.html,"	","	",9998,上架
10132752645,东兴馆 沉香线香 熏香线香  红木礼盒10克装 香薰礼盒卧室香薰 21cm沉香线香,10679382252,红木礼盒+20g沉香线香21cm,188,礼品箱包 > 礼品 > 熏香,东起,http://item.jd.com/10679382252.html,"	","	",9994,上架
10135783483,东兴馆 红木杯垫 直径9CM 花梨木实木茶垫 碗垫 隔热垫  茶具杯托 6片一套,10696004895,直径9CM方形透雕花梨木杯垫,30,礼品箱包 > 礼品 > 工艺礼品,东起,http://item.jd.com/10696004895.html,"	","	",1000,上架
10135783483,东兴馆 红木杯垫 直径9CM 花梨木实木茶垫 碗垫 隔热垫  茶具杯托 6片一套,10696004896,直径9CM方形印花花梨木杯垫,35,礼品箱包 > 礼品 > 工艺礼品,东起,http://item.jd.com/10696004896.html,"	","	",1000,上架
10135783483,东兴馆 红木杯垫 直径9CM 花梨木实木茶垫 碗垫 隔热垫  茶具杯托 6片一套,10696004897,直径9CM圆形印花花梨木杯垫,32,礼品箱包 > 礼品 > 工艺礼品,东起,http://item.jd.com/10696004897.html,"	","	",999,上架
10135783483,东兴馆 红木杯垫 直径9CM 花梨木实木茶垫 碗垫 隔热垫  茶具杯托 6片一套,10696004898,直径9CM梅花形透雕花梨木杯垫,25,礼品箱包 > 礼品 > 工艺礼品,东起,http://item.jd.com/10696004898.html,"	","	",999,上架
10135783483,东兴馆 红木杯垫 直径9CM 花梨木实木茶垫 碗垫 隔热垫  茶具杯托 6片一套,10696004899,直径9CM方形印花鸡翅木杯垫,32,礼品箱包 > 礼品 > 工艺礼品,东起,http://item.jd.com/10696004899.html,"	","	",1000,上架
10139754701,东兴馆 天然沉香佛珠手串  天然马来西亚原料 男女款DIY念珠手串,10716874011,西马入门级10mm 15颗橙色琉璃,159,珠宝首饰 > 木手串/把件 > 沉香木,东起,http://item.jd.com/10716874011.html,"	","	",100,上架
10139754701,东兴馆 天然沉香佛珠手串  天然马来西亚原料 男女款DIY念珠手串,10716874012,西马入门级10mm 16颗橙色圆琉璃,159,珠宝首饰 > 木手串/把件 > 沉香木,东起,http://item.jd.com/10716874012.html,"	","	",100,上架
10139754701,东兴馆 天然沉香佛珠手串  天然马来西亚原料 男女款DIY念珠手串,10716874013,西马入门级10mm 14颗配仿绿松,159,珠宝首饰 > 木手串/把件 > 沉香木,东起,http://item.jd.com/10716874013.html,"	","	",100,上架
10139754701,东兴馆 天然沉香佛珠手串  天然马来西亚原料 男女款DIY念珠手串,10716874014,西马入门级10mm 15颗深蓝色琉璃,159,珠宝首饰 > 木手串/把件 > 沉香木,东起,http://item.jd.com/10716874014.html,"	","	",100,上架
10139754701,东兴馆 天然沉香佛珠手串  天然马来西亚原料 男女款DIY念珠手串,10716874015,西马老料12mm 15颗,599,珠宝首饰 > 木手串/把件 > 沉香木,东起,http://item.jd.com/10716874015.html,"	","	",100,上架
10141254742,东兴馆 沉香佛珠手串 12mm 14颗 天然文莱沉香老料 男女款DIY念珠手串,10729177062, ,2899,珠宝首饰 > 木手串/把件 > 沉香木,东起,http://item.jd.com/10729177062.html,"	","	",1000,上架
10141971915,东兴馆 沉香手链 108颗 苹果珠 天然西马入门级念珠手串 沉香手串,10734596065, ,332,珠宝首饰 > 木手串/把件 > 沉香木,东起,http://item.jd.com/10734596065.html,"	","	",10000,上架
10141974659,东兴馆 沉香手链 6mm 108颗 天然巴布亚老料念珠手串  沉香手串,10734620498, ,799,珠宝首饰 > 木手串/把件 > 沉香木,东起,http://item.jd.com/10734620498.html,"	","	",10000,上架
10141982311,东兴馆 沉香手链 108颗 天然西马入门级念珠情侣手串  沉香手串,10734668765,108颗圆珠中国结,259,珠宝首饰 > 木手串/把件 > 沉香木,东起,http://item.jd.com/10734668765.html,"	","	",5000,上架
10141982311,东兴馆 沉香手链 108颗 天然西马入门级念珠情侣手串  沉香手串,10734668766,108颗圆珠凤尾金刚结,259,珠宝首饰 > 木手串/把件 > 沉香木,东起,http://item.jd.com/10734668766.html,"	","	",4999,上架
10141985879,东兴馆 广西百香果 10个装 西潘莲鸡蛋果  新鲜采摘 包邮到家 新鲜水果,10737443966,10个装 约0.75kg,25,生鲜 > 水果 > 更多水果,水果蔬菜,http://item.jd.com/10737443966.html,"	","	",4949,自主下架
10141985879,东兴馆 广西百香果 10个装 西潘莲鸡蛋果  新鲜采摘 包邮到家 新鲜水果,10737443967,20个装 约1.5kg,36,生鲜 > 水果 > 更多水果,水果蔬菜,http://item.jd.com/10737443967.html,"	","	",4978,自主下架
10143007939,东兴馆 沉香手链 16mm 14颗 天然西马沉香木佛珠手串 男,10742217151,12.61g,299,珠宝首饰 > 木手串/把件 > 沉香木,东起,http://item.jd.com/10742217151.html,"	","	",5000,上架
10143007939,东兴馆 沉香手链 16mm 14颗 天然西马沉香木佛珠手串 男,10742217152,13.41g,499,珠宝首饰 > 木手串/把件 > 沉香木,东起,http://item.jd.com/10742217152.html,"	","	",5000,上架
10143539096,东兴馆 广西小青柠檬 1.5kg 单果约35~40g 国产新鲜柠檬果 果园直供 新鲜到家,10746763732, ,29,生鲜 > 水果 > 柠檬,水果蔬菜,http://item.jd.com/10746763732.html,"	","	",9993,自主下架
10146210323,东兴馆 广西红芽小芋头 3斤装 农家种植香芋头 粉糯香绵 广西芋头,10771623768,3斤装,20,生鲜 > 蔬菜 > 根茎类,水果蔬菜,http://item.jd.com/10771623768.html,"	","	",9984,自主下架
10146210323,东兴馆 广西红芽小芋头 3斤装 农家种植香芋头 粉糯香绵 广西芋头,10771623769,5斤装,30,生鲜 > 蔬菜 > 根茎类,水果蔬菜,http://item.jd.com/10771623769.html,"	","	",9977,自主下架
10161470465,东起 天然芽庄沉香线香 熏香线香 盘香 红木礼盒 香薰礼盒卧室香薰,10894537530,10克沉香线香,208,礼品箱包 > 礼品 > 熏香,东起,http://item.jd.com/10894537530.html,"	","	",9357,上架
10161470465,东起 天然芽庄沉香线香 熏香线香 盘香 红木礼盒 香薰礼盒卧室香薰,10894537531,20克沉香线香,328,礼品箱包 > 礼品 > 熏香,东起,http://item.jd.com/10894537531.html,"	","	",9984,上架
10130969754,东兴馆 红木纸巾盒 龙凤素面抽纸盒120 抽 复古实木收纳盒 个性定制餐巾盒,10898213918,素面双喜镂空款,49,礼品箱包 > 礼品 > 工艺礼品,东起,http://item.jd.com/10898213918.html,"	","	",994,上架
10130969754,东兴馆 红木纸巾盒 龙凤素面抽纸盒120 抽 复古实木收纳盒 个性定制餐巾盒,10898213919,方形会议迷你款,39,礼品箱包 > 礼品 > 工艺礼品,东起,http://item.jd.com/10898213919.html,"	","	",993,上架
10130969754,东兴馆 红木纸巾盒 龙凤素面抽纸盒120 抽 复古实木收纳盒 个性定制餐巾盒,10898213920,贝花木雕镂空仿古锁扣,55,礼品箱包 > 礼品 > 工艺礼品,东起,http://item.jd.com/10898213920.html,"	","	",1000,上架
10181575647,东起 东兴馆 水沉香盘香 48单盘 佛香熏香道 室内专用香薰 沉香盘香,11052458640, ,49,礼品箱包 > 礼品 > 熏香,东起,http://item.jd.com/11052458640.html,"	","	",999,上架
10181621345,东起 红木牙签盒可爱家居客厅牙签筒中式便携餐厅办公室牙签瓶,11052810152,花梨木节节高升型牙签筒,22,礼品箱包 > 礼品 > 工艺礼品,东起,http://item.jd.com/11052810152.html,"	","	",96,上架
10181621345,东起 红木牙签盒可爱家居客厅牙签筒中式便携餐厅办公室牙签瓶,11052810153,酸枝木葫芦型牙签筒,32,礼品箱包 > 礼品 > 工艺礼品,东起,http://item.jd.com/11052810153.html,"	","	",99,上架
10181621345,东起 红木牙签盒可爱家居客厅牙签筒中式便携餐厅办公室牙签瓶,11052810154,花梨木海盗酒桶型牙签筒,32,礼品箱包 > 礼品 > 工艺礼品,东起,http://item.jd.com/11052810154.html,"	","	",100,上架
10181621345,东起 红木牙签盒可爱家居客厅牙签筒中式便携餐厅办公室牙签瓶,11052810155,花梨木将军帽型牙签筒,22,礼品箱包 > 礼品 > 工艺礼品,东起,http://item.jd.com/11052810155.html,"	","	",98,上架
10181621345,东起 红木牙签盒可爱家居客厅牙签筒中式便携餐厅办公室牙签瓶,11052810156,花梨木圆型牙签筒,18,礼品箱包 > 礼品 > 工艺礼品,东起,http://item.jd.com/11052810156.html,"	","	",100,上架
10181621345,东起 红木牙签盒可爱家居客厅牙签筒中式便携餐厅办公室牙签瓶,11052810157,花梨木葫芦型牙签筒,22,礼品箱包 > 礼品 > 工艺礼品,东起,http://item.jd.com/11052810157.html,"	","	",98,上架
10181621345,东起 红木牙签盒可爱家居客厅牙签筒中式便携餐厅办公室牙签瓶,11052810158,花梨木雷峰塔型牙签筒,42,礼品箱包 > 礼品 > 工艺礼品,东起,http://item.jd.com/11052810158.html,"	","	",100,上架
10181624273,东起 花梨木线香盒木质熏香盒红木卧香炉沉香线香盒筷子盒香座,11052845360,印花镂空款,30,礼品箱包 > 礼品 > 工艺礼品,东起,http://item.jd.com/11052845360.html,"	","	",999,上架
10181624273,东起 花梨木线香盒木质熏香盒红木卧香炉沉香线香盒筷子盒香座,11052845361,双喜镂空款,28,礼品箱包 > 礼品 > 工艺礼品,东起,http://item.jd.com/11052845361.html,"	","	",980,上架
10181624273,东起 花梨木线香盒木质熏香盒红木卧香炉沉香线香盒筷子盒香座,11052845362,镂空款,28,礼品箱包 > 礼品 > 工艺礼品,东起,http://item.jd.com/11052845362.html,"	","	",996,上架
10181624273,东起 花梨木线香盒木质熏香盒红木卧香炉沉香线香盒筷子盒香座,11052845363,双喜印花镂空,32,礼品箱包 > 礼品 > 工艺礼品,东起,http://item.jd.com/11052845363.html,"	","	",998,上架
10181632620,东起 红木名片夹楠木名片手实木商务名片座创意办公摆件,11052878442,黑色楠木名片手,45,礼品箱包 > 礼品 > 工艺礼品,东起,http://item.jd.com/11052878442.html,"	","	",50,上架
10181632620,东起 红木名片夹楠木名片手实木商务名片座创意办公摆件,11052878443,红木楠木名片手+笔筒,70,礼品箱包 > 礼品 > 工艺礼品,东起,http://item.jd.com/11052878443.html,"	","	",0,上架
10181632620,东起 红木名片夹楠木名片手实木商务名片座创意办公摆件,11052878444,红木楠木名片手,30,礼品箱包 > 礼品 > 工艺礼品,东起,http://item.jd.com/11052878444.html,"	","	",49,上架
10181628597,东起 古典简约名片夹笔筒方形笔筒桌面笔桶收纳盒工具办公文具用品,11052909929,素面镂空,35,礼品箱包 > 礼品 > 工艺礼品,东起,http://item.jd.com/11052909929.html,"	","	",999,上架
10181628597,东起 古典简约名片夹笔筒方形笔筒桌面笔桶收纳盒工具办公文具用品,11052909930,梅兰竹菊款,32,礼品箱包 > 礼品 > 工艺礼品,东起,http://item.jd.com/11052909930.html,"	","	",997,上架
10181628597,东起 古典简约名片夹笔筒方形笔筒桌面笔桶收纳盒工具办公文具用品,11052909931,六角印花,45,礼品箱包 > 礼品 > 工艺礼品,东起,http://item.jd.com/11052909931.html,"	","	",1000,上架
10181628597,东起 古典简约名片夹笔筒方形笔筒桌面笔桶收纳盒工具办公文具用品,11052909932,四方素面款,30,礼品箱包 > 礼品 > 工艺礼品,东起,http://item.jd.com/11052909932.html,"	","	",990,上架
10181624273,东起 花梨木线香盒木质熏香盒红木卧香炉沉香线香盒筷子盒香座,11052981545,原木喜字镂空款,28,礼品箱包 > 礼品 > 工艺礼品,东起,http://item.jd.com/11052981545.html,"	","	",0,上架
10181624273,东起 花梨木线香盒木质熏香盒红木卧香炉沉香线香盒筷子盒香座,11052981546,原木印花镂空款,34,礼品箱包 > 礼品 > 工艺礼品,东起,http://item.jd.com/11052981546.html,"	","	",0,上架
10181624273,东起 花梨木线香盒木质熏香盒红木卧香炉沉香线香盒筷子盒香座,11052981547,原木镂空款,35,礼品箱包 > 礼品 > 工艺礼品,东起,http://item.jd.com/11052981547.html,"	","	",0,上架
10187623347,东起 天然红土沉香线香  室内香佛香熏香 净化除味香味持久 办公居家礼佛安神香薰,11093472693,20g晨曦线香亚克力筒装,45,礼品箱包 > 礼品 > 熏香,东起,http://item.jd.com/11093472693.html,"	","	",50,上架
10187623347,东起 天然红土沉香线香  室内香佛香熏香 净化除味香味持久 办公居家礼佛安神香薰,11093472694,30g晨曦线香礼盒装,70,礼品箱包 > 礼品 > 熏香,东起,http://item.jd.com/11093472694.html,"	","	",47,上架
10187623347,东起 天然红土沉香线香  室内香佛香熏香 净化除味香味持久 办公居家礼佛安神香薰,11093472695,10g晨曦线香亚克力筒装,25,礼品箱包 > 礼品 > 熏香,东起,http://item.jd.com/11093472695.html,"	","	",47,上架
10187627078,东起 天然芽庄沉香线香  室内香办公居家礼佛安神香薰  淡雅纯朴 净化除味香味持久,11093544426,20g缥缈线香亚克力筒装,259,礼品箱包 > 礼品 > 熏香,东起,http://item.jd.com/11093544426.html,"	","	",50,上架
10187627078,东起 天然芽庄沉香线香  室内香办公居家礼佛安神香薰  淡雅纯朴 净化除味香味持久,11093544427,30g缥缈线香礼盒装,379,礼品箱包 > 礼品 > 熏香,东起,http://item.jd.com/11093544427.html,"	","	",50,上架
10187627078,东起 天然芽庄沉香线香  室内香办公居家礼佛安神香薰  淡雅纯朴 净化除味香味持久,11093544428,10g缥缈线香亚克力筒装,135,礼品箱包 > 礼品 > 熏香,东起,http://item.jd.com/11093544428.html,"	","	",50,上架
10187628668,东起 富山红土沉香线香  室内熏香办公居家安神香薰 甘甜微凉 净化除味香味持久,11093583514,20g流岚线香亚克力筒装,345,礼品箱包 > 礼品 > 熏香,东起,http://item.jd.com/11093583514.html,"	","	",50,上架
10187628668,东起 富山红土沉香线香  室内熏香办公居家安神香薰 甘甜微凉 净化除味香味持久,11093583515,30g流岚线香礼盒装,510,礼品箱包 > 礼品 > 熏香,东起,http://item.jd.com/11093583515.html,"	","	",50,上架
10187628668,东起 富山红土沉香线香  室内熏香办公居家安神香薰 甘甜微凉 净化除味香味持久,11093583516,10g流岚线香亚克力筒装,175,礼品箱包 > 礼品 > 熏香,东起,http://item.jd.com/11093583516.html,"	","	",48,上架
10187636627,东起 天然包壳沉香线香  室内香办公居家安神香薰 精品高油 自然打卷 净化除味香味持久,11093624116,20g浅陌线香亚克力筒装,159,礼品箱包 > 礼品 > 熏香,东起,http://item.jd.com/11093624116.html,"	","	",50,上架
10187636627,东起 天然包壳沉香线香  室内香办公居家安神香薰 精品高油 自然打卷 净化除味香味持久,11093624117,10g浅陌线香亚克力筒装,85,礼品箱包 > 礼品 > 熏香,东起,http://item.jd.com/11093624117.html,"	","	",49,上架
10187636627,东起 天然包壳沉香线香  室内香办公居家安神香薰 精品高油 自然打卷 净化除味香味持久,11093624118,30g浅陌线香礼盒装,235,礼品箱包 > 礼品 > 熏香,东起,http://item.jd.com/11093624118.html,"	","	",50,上架
10187640432,东起 土沉沉香线香  室内香佛香线香盘香 净化除味香味持久 办公居家礼佛安神香薰,11093682102,20g亚克力筒装,345,礼品箱包 > 礼品 > 熏香,东起,http://item.jd.com/11093682102.html,"	","	",50,上架
10187640432,东起 土沉沉香线香  室内香佛香线香盘香 净化除味香味持久 办公居家礼佛安神香薰,11093682103,10g亚克力筒装,175,礼品箱包 > 礼品 > 熏香,东起,http://item.jd.com/11093682103.html,"	","	",50,上架
10187640432,东起 土沉沉香线香  室内香佛香线香盘香 净化除味香味持久 办公居家礼佛安神香薰,11093682104,30g礼盒装,520,礼品箱包 > 礼品 > 熏香,东起,http://item.jd.com/11093682104.html,"	","	",50,上架
10187642350,东起 老山檀香线香卧香 卧内办公居家礼佛供香熏香 淡然柔和  香味持久,11093707151,20g亚克力筒装,16,礼品箱包 > 礼品 > 熏香,东起,http://item.jd.com/11093707151.html,"	","	",95,上架
10187642350,东起 老山檀香线香卧香 卧内办公居家礼佛供香熏香 淡然柔和  香味持久,11093707152,200g装,90,礼品箱包 > 礼品 > 熏香,东起,http://item.jd.com/11093707152.html,"	","	",100,上架
10187642350,东起 老山檀香线香卧香 卧内办公居家礼佛供香熏香 淡然柔和  香味持久,11093707153,10g亚克力筒装,10,礼品箱包 > 礼品 > 熏香,东起,http://item.jd.com/11093707153.html,"	","	",95,上架
10187644957,东起 天然沉香线香  室内香佛香熏香 净化除味香味持久 办公居家礼佛安神香薰,11093728737,20g亚克力筒装,35,礼品箱包 > 礼品 > 熏香,东起,http://item.jd.com/11093728737.html,"	","	",49,上架
10187644957,东起 天然沉香线香  室内香佛香熏香 净化除味香味持久 办公居家礼佛安神香薰,11093728739,80g礼盒装,129,礼品箱包 > 礼品 > 熏香,东起,http://item.jd.com/11093728739.html,"	","	",50,上架
10187928445,东起 东兴馆 实木盘香炉 莲花盘香盒 线香卧香盒香具 礼佛供佛香道居家办公熏香摆件,11095512329,花梨木八卦图盘香炉,45,礼品箱包 > 礼品 > 熏香,东起,http://item.jd.com/11095512329.html,"	","	",99,上架
10187928445,东起 东兴馆 实木盘香炉 莲花盘香盒 线香卧香盒香具 礼佛供佛香道居家办公熏香摆件,11095512330,花梨木莲花盘香炉,45,礼品箱包 > 礼品 > 熏香,东起,http://item.jd.com/11095512330.html,"	","	",90,上架
10187928379,东起 东兴馆 翻盖香盒  旅行香盒香炉 多功能点香器,11095531558, ,79,礼品箱包 > 礼品 > 熏香,东起,http://item.jd.com/11095531558.html,"	","	",98,上架
10187930589,东起 东兴馆 黑檀木古琴香盒 线香炉卧香盒熏香炉香具 礼佛供佛香道居家办公熏,11095561402, ,189,礼品箱包 > 礼品 > 熏香,东起,http://item.jd.com/11095561402.html,"	","	",100,上架
10187937530,东起 东兴馆 红木线香筒 线香盒线香筒卧香盒香具 礼佛供佛香道居家办公熏香摆件,11095581317,花梨木香筒20g装,14,礼品箱包 > 礼品 > 熏香,东起,http://item.jd.com/11095581317.html,"	","	",74,上架
10187937530,东起 东兴馆 红木线香筒 线香盒线香筒卧香盒香具 礼佛供佛香道居家办公熏香摆件,11095581318,花梨木香筒10g装,12,礼品箱包 > 礼品 > 熏香,东起,http://item.jd.com/11095581318.html,"	","	",89,上架
10188093844,东起 东兴馆 红木香插香座 卧香炉线香檀香盒香具 熏香炉 香托包邮,11096789417,B款线香座,10,礼品箱包 > 礼品 > 熏香,东起,http://item.jd.com/11096789417.html,"	","	",100,自主下架
10188093844,东起 东兴馆 红木香插香座 卧香炉线香檀香盒香具 熏香炉 香托包邮,11096789418,A款线香座,10,礼品箱包 > 礼品 > 熏香,东起,http://item.jd.com/11096789418.html,"	","	",100,自主下架
10188276132,东起 东兴馆 红木香插香座 线香插线香炉香托檀香盒线香盒 实木线具,11098345897,B款线香座,12,礼品箱包 > 礼品 > 熏香,东起,http://item.jd.com/11098345897.html,"	","	",87,上架
10188276132,东起 东兴馆 红木香插香座 线香插线香炉香托檀香盒线香盒 实木线具,11098345898,A款线香座,13,礼品箱包 > 礼品 > 熏香,东起,http://item.jd.com/11098345898.html,"	","	",77,上架
10190118011,东起 古琴线香炉香插线香盒 红檀木薰香炉沉香炉 木质卧香炉,11114506204, ,69,礼品箱包 > 礼品 > 熏香,东起,http://item.jd.com/11114506204.html,"	","	",98,上架
10181621345,东起 红木牙签盒可爱家居客厅牙签筒中式便携餐厅办公室牙签瓶,11115365316,越南印花牙签筒,10,礼品箱包 > 礼品 > 工艺礼品,东起,http://item.jd.com/11115365316.html,"	","	",80,上架
10190116831,东起 花梨木线香炉 居家沉香炉卧香炉熏香炉木质香炉,11153281144,喜窗纹款,39,礼品箱包 > 礼品 > 熏香,东起,http://item.jd.com/11153281144.html,"	","	",7,上架
10190116831,东起 花梨木线香炉 居家沉香炉卧香炉熏香炉木质香炉,11153281145,如意纹款,39,礼品箱包 > 礼品 > 熏香,东起,http://item.jd.com/11153281145.html,"	","	",92,上架
10190116831,东起 花梨木线香炉 居家沉香炉卧香炉熏香炉木质香炉,11153281146,六子真言款,42,礼品箱包 > 礼品 > 熏香,东起,http://item.jd.com/11153281146.html,"	","	",99,上架
10190116831,东起 花梨木线香炉 居家沉香炉卧香炉熏香炉木质香炉,11153281147,菩提纹款,45,礼品箱包 > 礼品 > 熏香,东起,http://item.jd.com/11153281147.html,"	","	",100,上架
10196115536,【东兴馆】泰和 越南进口芭蕉干210g袋装 越南特产休闲零食 干果蜜饯零食,11156957038, ,15,食品饮料 > 进口食品 > 休闲零食,泰和,http://item.jd.com/11156957038.html,"	","	",98,上架
10161470465,东起 天然芽庄沉香线香 熏香线香 盘香 红木礼盒 香薰礼盒卧室香薰,11168935624,10克红木香筒装,158,礼品箱包 > 礼品 > 熏香,东起,http://item.jd.com/11168935624.html,"	","	",97,上架
10198007367,东兴馆 越南进口新新花生豆 五种口味 罐装花生米 进口零食品 香脆花生豆,11171934202,椰子味1灌装,34,食品饮料 > 进口食品 > 休闲零食,新新,http://item.jd.com/11171934202.html,"	","	",99,上架
10198007367,东兴馆 越南进口新新花生豆 五种口味 罐装花生米 进口零食品 香脆花生豆,11171934203,鸡肉味1灌装,23,食品饮料 > 进口食品 > 休闲零食,新新,http://item.jd.com/11171934203.html,"	","	",90,上架
10198007367,东兴馆 越南进口新新花生豆 五种口味 罐装花生米 进口零食品 香脆花生豆,11171934204,烧烤味1灌装,34,食品饮料 > 进口食品 > 休闲零食,新新,http://item.jd.com/11171934204.html,"	","	",99,上架
10198007367,东兴馆 越南进口新新花生豆 五种口味 罐装花生米 进口零食品 香脆花生豆,11171934205,鲜虾味1灌装,23,食品饮料 > 进口食品 > 休闲零食,新新,http://item.jd.com/11171934205.html,"	","	",99,上架
10198007367,东兴馆 越南进口新新花生豆 五种口味 罐装花生米 进口零食品 香脆花生豆,11171934206,芝士味1灌装,34,食品饮料 > 进口食品 > 休闲零食,新新,http://item.jd.com/11171934206.html,"	","	",100,上架
10198020330,东兴馆 越南G7咖啡 18条288g原装进口 正品特浓中原原味三合一速溶,11172000895,288g三合一速溶,25,食品饮料 > 进口食品 > 冲调饮品,G7,http://item.jd.com/11172000895.html,"	","	",100,上架
10198051222,东兴馆  越南进口 天新发芋头干230g袋装 休闲零食 干果蜜饯零食,11172201419, ,18,食品饮料 > 进口食品 > 休闲零食,天新发,http://item.jd.com/11172201419.html,"	","	",98,上架
10198051372,【东兴馆】天新发 越南进口甘薯条 230g袋装 休闲零食 干果蜜饯零食,11172225985, ,18,食品饮料 > 进口食品 > 休闲零食,天新发,http://item.jd.com/11172225985.html,"	","	",98,上架
10198061009,【东兴馆】天新发 越南进口芭蕉干 230g袋装 休闲零食 干果蜜饯零食,11172261077, ,17,食品饮料 > 进口食品 > 休闲零食,天新发,http://item.jd.com/11172261077.html,"	","	",96,上架
10198092296,东兴馆  越南进口Lipo利葡牛奶味鸡蛋面包片饼干 进口休闲零食品,11172570150,鸡蛋味300g,22,食品饮料 > 进口食品 > 休闲零食,LIPO,http://item.jd.com/11172570150.html,"	","	",95,上架
10198092296,东兴馆  越南进口Lipo利葡牛奶味鸡蛋面包片饼干 进口休闲零食品,11172570151,椰子味230g,19,食品饮料 > 进口食品 > 休闲零食,LIPO,http://item.jd.com/11172570151.html,"	","	",0,上架
10198092296,东兴馆  越南进口Lipo利葡牛奶味鸡蛋面包片饼干 进口休闲零食品,11172570152,榴莲味210g,17,食品饮料 > 进口食品 > 休闲零食,LIPO,http://item.jd.com/11172570152.html,"	","	",0,上架
10198020330,东兴馆 越南G7咖啡 18条288g原装进口 正品特浓中原原味三合一速溶,11172779402,352g女士无糖,39,食品饮料 > 进口食品 > 冲调饮品,G7,http://item.jd.com/11172779402.html,"	","	",0,上架
10198020330,东兴馆 越南G7咖啡 18条288g原装进口 正品特浓中原原味三合一速溶,11172779403,800g三合一速溶,57,食品饮料 > 进口食品 > 冲调饮品,G7,http://item.jd.com/11172779403.html,"	","	",99,上架
10198020330,东兴馆 越南G7咖啡 18条288g原装进口 正品特浓中原原味三合一速溶,11172779404,30g纯黑咖啡,18,食品饮料 > 进口食品 > 冲调饮品,G7,http://item.jd.com/11172779404.html,"	","	",99,上架
10198020330,东兴馆 越南G7咖啡 18条288g原装进口 正品特浓中原原味三合一速溶,11172779405,240g二合一冰咖啡,30,食品饮料 > 进口食品 > 冲调饮品,G7,http://item.jd.com/11172779405.html,"	","	",100,上架
10198020330,东兴馆 越南G7咖啡 18条288g原装进口 正品特浓中原原味三合一速溶,11172779406,1600g三合一速溶,107,食品饮料 > 进口食品 > 冲调饮品,G7,http://item.jd.com/11172779406.html,"	","	",99,上架
10198020330,东兴馆 越南G7咖啡 18条288g原装进口 正品特浓中原原味三合一速溶,11172779407,卡布奇诺108g榛子味,18,食品饮料 > 进口食品 > 冲调饮品,G7,http://item.jd.com/11172779407.html,"	","	",93,上架
10198020330,东兴馆 越南G7咖啡 18条288g原装进口 正品特浓中原原味三合一速溶,11172779408,卡布奇诺108g摩卡味,18,食品饮料 > 进口食品 > 冲调饮品,G7,http://item.jd.com/11172779408.html,"	","	",100,上架
10198133647,东兴馆 越南进口 泰和梅兰榴莲椰子糖250g 榴莲味 椰子味 进口特产零食糖果,11172959643,梅兰椰子味,13,食品饮料 > 进口食品 > 糖果/巧克力,泰和,http://item.jd.com/11172959643.html,"	","	",86,上架
10198133647,东兴馆 越南进口 泰和梅兰榴莲椰子糖250g 榴莲味 椰子味 进口特产零食糖果,11172959644,香叶椰子味,13,食品饮料 > 进口食品 > 糖果/巧克力,泰和,http://item.jd.com/11172959644.html,"	","	",97,上架
10198133647,东兴馆 越南进口 泰和梅兰榴莲椰子糖250g 榴莲味 椰子味 进口特产零食糖果,11172959645,可可椰子味,13,食品饮料 > 进口食品 > 糖果/巧克力,泰和,http://item.jd.com/11172959645.html,"	","	",94,上架
10198140632,东兴馆 越南进口 泰和综合果蔬干210g袋装 休闲零食 综合蔬果干,11173022661, ,17,食品饮料 > 进口食品 > 休闲零食,泰和,http://item.jd.com/11173022661.html,"	","	",100,上架
10198156399,东兴馆 越南进口新新腰果 坚果零食252克 零食干果腰果仁,11173259920,椰子味252克盒装,39,食品饮料 > 进口食品 > 休闲零食,新新,http://item.jd.com/11173259920.html,"	","	",0,上架
10198156399,东兴馆 越南进口新新腰果 坚果零食252克 零食干果腰果仁,11173259921,芥末味525克盒装,39,食品饮料 > 进口食品 > 休闲零食,新新,http://item.jd.com/11173259921.html,"	","	",0,上架
10198156399,东兴馆 越南进口新新腰果 坚果零食252克 零食干果腰果仁,11173259922,椰子味150克罐装,29,食品饮料 > 进口食品 > 休闲零食,新新,http://item.jd.com/11173259922.html,"	","	",99,上架
10198156399,东兴馆 越南进口新新腰果 坚果零食252克 零食干果腰果仁,11173259923,芥末味150克罐装,29,食品饮料 > 进口食品 > 休闲零食,新新,http://item.jd.com/11173259923.html,"	","	",91,上架
10198541878,东兴馆 东南亚年货大礼包 果干零食大礼包 果脯蜜饯水果干果蔬干,11176366193,果糖献福套餐,79,食品饮料 > 进口食品 > 休闲零食,泰和,http://item.jd.com/11176366193.html,"	","	",1000,自主下架
10161470465,东起 天然芽庄沉香线香 熏香线香 盘香 红木礼盒 香薰礼盒卧室香薰,11178436594,30g纸盒礼盒装,408,礼品箱包 > 礼品 > 熏香,东起,http://item.jd.com/11178436594.html,"	","	",98,上架
10196058876,【东兴馆】泰和 越南进口菠萝蜜干210g袋装  越南特产进口零食,11183424135,210克1袋,18,食品饮料 > 进口食品 > 休闲零食,泰和,http://item.jd.com/11183424135.html,"	","	",100,上架
10196058876,【东兴馆】泰和 越南进口菠萝蜜干210g袋装  越南特产进口零食,11183424136,210克2袋,35,食品饮料 > 进口食品 > 休闲零食,泰和,http://item.jd.com/11183424136.html,"	","	",100,上架
10198059311,【东兴馆】天新发 越南进口菠萝干 230g袋装 休闲零食 干果蜜饯零食,11185295197,230克1袋装,18,食品饮料 > 进口食品 > 休闲零食,天新发,http://item.jd.com/11185295197.html,"	","	",999,上架
10198059311,【东兴馆】天新发 越南进口菠萝干 230g袋装 休闲零食 干果蜜饯零食,11185295198,100克1袋装,15,食品饮料 > 进口食品 > 休闲零食,天新发,http://item.jd.com/11185295198.html,"	","	",999,上架
10198059311,【东兴馆】天新发 越南进口菠萝干 230g袋装 休闲零食 干果蜜饯零食,11185295199,230克2袋装,40,食品饮料 > 进口食品 > 休闲零食,天新发,http://item.jd.com/11185295199.html,"	","	",996,上架
10196109769,【东兴馆】泰和 越南进口芋头干210g袋装 越南特产进口零食 干果蜜饯零食,11185362662,210克1袋,19,食品饮料 > 进口食品 > 休闲零食,泰和,http://item.jd.com/11185362662.html,"	","	",97,上架
10196109769,【东兴馆】泰和 越南进口芋头干210g袋装 越南特产进口零食 干果蜜饯零食,11185362663,210克2袋,40,食品饮料 > 进口食品 > 休闲零食,泰和,http://item.jd.com/11185362663.html,"	","	",100,上架
10198048120,东兴馆 越南进口天新发综合果蔬干230g袋装 休闲零食 综合蔬果干,11185396950,230克1袋,19,食品饮料 > 进口食品 > 休闲零食,天新发,http://item.jd.com/11185396950.html,"	","	",999,上架
10198048120,东兴馆 越南进口天新发综合果蔬干230g袋装 休闲零食 综合蔬果干,11185396951,230克2袋,39,食品饮料 > 进口食品 > 休闲零食,天新发,http://item.jd.com/11185396951.html,"	","	",999,上架
10198007367,东兴馆 越南进口新新花生豆 五种口味 罐装花生米 进口零食品 香脆花生豆,11185672673,鸡肉味2灌装,35,食品饮料 > 进口食品 > 休闲零食,新新,http://item.jd.com/11185672673.html,"	","	",99,上架
10198007367,东兴馆 越南进口新新花生豆 五种口味 罐装花生米 进口零食品 香脆花生豆,11185672674,芝士味2灌装,60,食品饮料 > 进口食品 > 休闲零食,新新,http://item.jd.com/11185672674.html,"	","	",100,上架
10198007367,东兴馆 越南进口新新花生豆 五种口味 罐装花生米 进口零食品 香脆花生豆,11185672675,椰子味2灌装,60,食品饮料 > 进口食品 > 休闲零食,新新,http://item.jd.com/11185672675.html,"	","	",100,上架
10198007367,东兴馆 越南进口新新花生豆 五种口味 罐装花生米 进口零食品 香脆花生豆,11185672676,鲜虾味2灌装,35,食品饮料 > 进口食品 > 休闲零食,新新,http://item.jd.com/11185672676.html,"	","	",100,上架
10198007367,东兴馆 越南进口新新花生豆 五种口味 罐装花生米 进口零食品 香脆花生豆,11185672677,烧烤味2灌装,60,食品饮料 > 进口食品 > 休闲零食,新新,http://item.jd.com/11185672677.html,"	","	",100,上架
10130969754,东兴馆 红木纸巾盒 龙凤素面抽纸盒120 抽 复古实木收纳盒 个性定制餐巾盒,11186546342,龙凤镂空木雕仿古锁扣,50,礼品箱包 > 礼品 > 工艺礼品,东起,http://item.jd.com/11186546342.html,"	","	",999,上架
10198007367,东兴馆 越南进口新新花生豆 五种口味 罐装花生米 进口零食品 香脆花生豆,11188566363,鸡肉味鲜虾味2灌装,35,食品饮料 > 进口食品 > 休闲零食,新新,http://item.jd.com/11188566363.html,"	","	",98,上架
10200384873,东起 保健球手球健身球 木质花梨木中老年人实木手玩星按摩器 按摩球太极手转球,11190697648,酸枝木5cm,89,礼品箱包 > 礼品 > 工艺礼品,东起,http://item.jd.com/11190697648.html,"	","	",100,上架
10200384873,东起 保健球手球健身球 木质花梨木中老年人实木手玩星按摩器 按摩球太极手转球,11190697649,花梨木5cm,59,礼品箱包 > 礼品 > 工艺礼品,东起,http://item.jd.com/11190697649.html,"	","	",92,上架
10200384873,东起 保健球手球健身球 木质花梨木中老年人实木手玩星按摩器 按摩球太极手转球,11190697650,酸枝木6cm,109,礼品箱包 > 礼品 > 工艺礼品,东起,http://item.jd.com/11190697650.html,"	","	",100,上架
10200384873,东起 保健球手球健身球 木质花梨木中老年人实木手玩星按摩器 按摩球太极手转球,11190697651,花梨木6cm,69,礼品箱包 > 礼品 > 工艺礼品,东起,http://item.jd.com/11190697651.html,"	","	",100,上架
10187644957,东起 天然沉香线香  室内香佛香熏香 净化除味香味持久 办公居家礼佛安神香薰,11201236395,结缘试用装,2,礼品箱包 > 礼品 > 熏香,东起,http://item.jd.com/11201236395.html,"	","	",20,上架
10187644957,东起 天然沉香线香  室内香佛香熏香 净化除味香味持久 办公居家礼佛安神香薰,11201236397,10g红木香筒装,29,礼品箱包 > 礼品 > 熏香,东起,http://item.jd.com/11201236397.html,"	","	",50,上架
10205415157,东兴馆 越南进口 椰子咖啡糖200g休闲糖果喜糖零食品特产休闲硬糖,11219404808,100g装,7,食品饮料 > 进口食品 > 糖果/巧克力,泰和,http://item.jd.com/11219404808.html,"	","	",94,自主下架
10205415157,东兴馆 越南进口 椰子咖啡糖200g休闲糖果喜糖零食品特产休闲硬糖,11219404809,200g装,10,食品饮料 > 进口食品 > 糖果/巧克力,泰和,http://item.jd.com/11219404809.html,"	","	",59,自主下架
10196058876,【东兴馆】泰和 越南进口菠萝蜜干210g袋装  越南特产进口零食,11220693234,榴莲干100g,63,食品饮料 > 进口食品 > 休闲零食,泰和,http://item.jd.com/11220693234.html,"	","	",10,上架
10206341542,东兴馆 东南亚年货大礼包 果干零食大礼包 好事成双套餐 进口零食大礼包,11226835276, ,128,食品饮料 > 进口食品 > 休闲零食,泰和,http://item.jd.com/11226835276.html,"	","	",500,自主下架
10206345280,东兴馆 东南亚年货大礼包 果干零食大礼包 坚果套餐 进口零食大礼包,11226880228, ,158,食品饮料 > 进口食品 > 休闲零食,泰和,http://item.jd.com/11226880228.html,"	","	",496,自主下架
10206353363,东兴馆 东南亚年货大礼包 果干零食大礼包 五福临门套餐 进口零食大礼包,11226942296, ,128,食品饮料 > 进口食品 > 休闲零食,泰和,http://item.jd.com/11226942296.html,"	","	",500,自主下架
10206358347,东兴馆 东南亚年货大礼包 果干零食大礼包 六六大顺套餐 进口零食大礼包,11226975572, ,169,食品饮料 > 进口食品 > 休闲零食,泰和,http://item.jd.com/11226975572.html,"	","	",1000,自主下架
10206363408,东兴馆 东南亚年货大礼包 果干零食大礼包 七窍玲珑套餐 进口零食大礼包,11227001545, ,399,食品饮料 > 进口食品 > 休闲零食,泰和,http://item.jd.com/11227001545.html,"	","	",5000,自主下架
10206361869,东兴馆 东南亚年货大礼包 果干零食大礼包  八仙过海套餐 进口零食大礼包,11227030610, ,799,食品饮料 > 进口食品 > 休闲零食,泰和,http://item.jd.com/11227030610.html,"	","	",500,自主下架
10198133647,东兴馆 越南进口 泰和梅兰榴莲椰子糖250g 榴莲味 椰子味 进口特产零食糖果,11252626482,榴莲味,13,食品饮料 > 进口食品 > 糖果/巧克力,泰和,http://item.jd.com/11252626482.html,"	","	",90,上架
10211716258,东淘环保健康餐具筷子 5双喜庆礼盒装无漆大红酸枝原木红木实木筷子,11265763579,5双大红酸枝筷子,39,礼品箱包 > 礼品 > 工艺礼品,东起,http://item.jd.com/11265763579.html,"	","	",2000,上架
10211732759,越风情 越南进口排糖 408g 夹心排糖 零食糖果椰蓉 奶油 花生 酥球,11280855504,180克排糖,9,食品饮料 > 休闲食品 > 糖果/巧克力,越风情,http://item.jd.com/11280855504.html,"	","	",5000,上架
10211732759,越风情 越南进口排糖 408g 夹心排糖 零食糖果椰蓉 奶油 花生 酥球,11280855505,408克排糖,21,食品饮料 > 休闲食品 > 糖果/巧克力,越风情,http://item.jd.com/11280855505.html,"	","	",5000,上架
10211732759,越风情 越南进口排糖 408g 夹心排糖 零食糖果椰蓉 奶油 花生 酥球,11281581365,2包408克装,39,食品饮料 > 休闲食品 > 糖果/巧克力,越风情,http://item.jd.com/11281581365.html,"	","	",999,上架
10214530891,越南进口 槟 椰子糖（椰汁香叶可可糖 200g) 袋装 糖果零食,11285259498,可可味,15,食品饮料 > 休闲食品 > 糖果/巧克力,泰和,http://item.jd.com/11285259498.html,"	","	",2000,从未上架
10214530891,越南进口 槟 椰子糖（椰汁香叶可可糖 200g) 袋装 糖果零食,11285259499,香叶味,15,食品饮料 > 休闲食品 > 糖果/巧克力,泰和,http://item.jd.com/11285259499.html,"	","	",2000,从未上架
10214530891,越南进口 槟 椰子糖（椰汁香叶可可糖 200g) 袋装 糖果零食,11285259500,榴莲味,15,食品饮料 > 休闲食品 > 糖果/巧克力,泰和,http://item.jd.com/11285259500.html,"	","	",2000,从未上架
10161470465,东起 天然芽庄沉香线香 熏香线香 盘香 红木礼盒 香薰礼盒卧室香薰,11286396000,10克亚克力管装,138,礼品箱包 > 礼品 > 熏香,东起,http://item.jd.com/11286396000.html,"	","	",99,上架
10161470465,东起 天然芽庄沉香线香 熏香线香 盘香 红木礼盒 香薰礼盒卧室香薰,11286423622,20克亚克力管装,248,礼品箱包 > 礼品 > 熏香,东起,http://item.jd.com/11286423622.html,"	","	",100,上架
10181621345,东起 红木牙签盒可爱家居客厅牙签筒中式便携餐厅办公室牙签瓶,11290175977,越南镂空牙签筒,10,礼品箱包 > 礼品 > 工艺礼品,东起,http://item.jd.com/11290175977.html,"	","	",80,上架
